cigar,length,count,length_count_per_cigar
D,1,2,1.000000
I,1,2,1.000000
M,145,1,0.200000
M,179,1,0.200000
M,1200,1,0.200000
M,1487,1,0.200000
M,1987,1,0.200000
